career_id,career_name,year,job_openings_index,hires,layoffs,avg_salary_usd,industry_growth_index,ai_automation_risk
1,3D Animator,2000,8000,6200,400,52000,30,25
1,3D Animator,2001,8100,6300,420,53000,31,25
1,3D Animator,2002,8200,6400,450,54000,32,25
1,3D Animator,2003,8400,6600,460,56000,33,25
1,3D Animator,2004,8800,6900,480,58000,34,25
1,3D Animator,2005,9200,7200,500,60000,35,25
1,3D Animator,2006,9600,7600,520,62000,36,25
1,3D Animator,2007,10000,8000,540,65000,38,25
1,3D Animator,2008,9800,7700,700,66000,37,25
1,3D Animator,2009,9600,7500,750,67000,36,25
1,3D Animator,2010,10000,7900,600,69000,38,25
1,3D Animator,2011,10500,8300,620,71000,40,25
1,3D Animator,2012,11000,8700,650,74000,42,25
1,3D Animator,2013,11800,9300,670,77000,45,25
1,3D Animator,2014,12500,9900,700,80000,48,25
1,3D Animator,2015,13200,10400,720,83000,52,25
1,3D Animator,2016,14000,11000,760,87000,56,25
1,3D Animator,2017,14800,11600,800,91000,60,25
1,3D Animator,2018,15500,12200,850,95000,64,25
1,3D Animator,2019,16500,12900,900,98000,68,25
1,3D Animator,2020,16000,12400,1500,99000,65,25
1,3D Animator,2021,17200,13500,1100,102000,72,25
1,3D Animator,2022,18000,14100,1200,104000,76,25
1,3D Animator,2023,19000,15000,1300,105500,80,25
1,3D Animator,2024,20000,15800,1400,106500,85,25
2,3D Artist,2000,9000,7000,450,50000,30,30
2,3D Artist,2001,9200,7100,470,51000,31,30
2,3D Artist,2002,9400,7300,480,52000,32,30
2,3D Artist,2003,9600,7500,500,54000,33,30
2,3D Artist,2004,10000,7800,520,56000,34,30
2,3D Artist,2005,10500,8200,540,58000,35,30
2,3D Artist,2006,11000,8600,560,60000,37,30
2,3D Artist,2007,11500,9000,580,62000,38,30
2,3D Artist,2008,11300,8800,750,63000,37,30
2,3D Artist,2009,11000,8500,800,64000,36,30
2,3D Artist,2010,11500,9000,650,66000,38,30
2,3D Artist,2011,12000,9400,680,69000,40,30
2,3D Artist,2012,12800,10000,700,72000,43,30
2,3D Artist,2013,13600,10600,720,75000,46,30
2,3D Artist,2014,14500,11300,750,78000,49,30
2,3D Artist,2015,15500,12000,780,81000,52,30
2,3D Artist,2016,16500,12800,820,85000,56,30
2,3D Artist,2017,17500,13600,860,89000,60,30
2,3D Artist,2018,18500,14400,900,92000,64,30
2,3D Artist,2019,19800,15400,950,96000,68,30
2,3D Artist,2020,19200,14800,1600,97000,65,30
2,3D Artist,2021,20500,16000,1200,100000,72,30
2,3D Artist,2022,21500,16800,1300,102500,76,30
2,3D Artist,2023,22800,17800,1400,104000,80,30
2,3D Artist,2024,24000,18700,1500,105500,85,30
3,3D Character Artist,2000,6000,4600,300,48000,28,25
3,3D Character Artist,2001,6100,4700,320,49000,29,25
3,3D Character Artist,2002,6200,4800,330,50000,30,25
3,3D Character Artist,2003,6400,5000,350,52000,31,25
3,3D Character Artist,2004,6700,5200,370,54000,32,25
3,3D Character Artist,2005,7100,5500,380,56000,34,25
3,3D Character Artist,2006,7600,5900,400,58000,36,25
3,3D Character Artist,2007,8000,6200,420,60000,38,25
3,3D Character Artist,2008,7800,6000,550,61000,37,25
3,3D Character Artist,2009,7600,5800,580,62000,36,25
3,3D Character Artist,2010,8000,6100,470,64000,38,25
3,3D Character Artist,2011,8500,6500,490,67000,41,25
3,3D Character Artist,2012,9000,6900,520,70000,44,25
3,3D Character Artist,2013,9700,7400,540,73000,47,25
3,3D Character Artist,2014,10400,8000,560,76000,50,25
3,3D Character Artist,2015,11200,8600,590,80000,53,25
3,3D Character Artist,2016,12000,9200,620,84000,57,25
3,3D Character Artist,2017,12900,9900,650,88000,61,25
3,3D Character Artist,2018,13800,10600,690,91000,65,25
3,3D Character Artist,2019,14800,11300,720,95000,69,25
3,3D Character Artist,2020,14300,10800,1200,96000,66,25
3,3D Character Artist,2021,15500,11800,900,99000,72,25
3,3D Character Artist,2022,16500,12500,980,101500,76,25
3,3D Character Artist,2023,17600,13300,1050,103000,80,25
3,3D Character Artist,2024,18800,14200,1120,105000,84,25
4,3D Environment Artist,2000,5500,4200,280,47000,28,25
4,3D Environment Artist,2001,5600,4300,300,48000,29,25
4,3D Environment Artist,2002,5700,4400,310,49000,30,25
4,3D Environment Artist,2003,5900,4600,330,51000,31,25
4,3D Environment Artist,2004,6200,4800,350,53000,32,25
4,3D Environment Artist,2005,6600,5100,370,55000,34,25
4,3D Environment Artist,2006,7000,5400,390,57000,36,25
4,3D Environment Artist,2007,7400,5800,410,59000,38,25
4,3D Environment Artist,2008,7200,5600,520,60000,37,25
4,3D Environment Artist,2009,7000,5400,540,61000,36,25
4,3D Environment Artist,2010,7400,5700,450,63000,38,25
4,3D Environment Artist,2011,7900,6100,470,66000,41,25
4,3D Environment Artist,2012,8400,6500,500,69000,44,25
4,3D Environment Artist,2013,9000,7000,520,72000,47,25
4,3D Environment Artist,2014,9700,7500,540,75000,50,25
4,3D Environment Artist,2015,10400,8100,570,79000,53,25
4,3D Environment Artist,2016,11200,8700,600,83000,57,25
4,3D Environment Artist,2017,12100,9400,630,87000,61,25
4,3D Environment Artist,2018,13000,10100,670,90000,65,25
4,3D Environment Artist,2019,14000,10800,700,94000,69,25
4,3D Environment Artist,2020,13600,10300,1100,95000,66,25
4,3D Environment Artist,2021,14800,11200,850,98000,72,25
4,3D Environment Artist,2022,15800,11900,920,100500,76,25
4,3D Environment Artist,2023,16900,12700,980,102000,80,25
4,3D Environment Artist,2024,18100,13600,1050,104500,84,25
5,3D Modeling Artist,2000,7000,5400,320,46000,28,30
5,3D Modeling Artist,2001,7200,5600,340,47000,29,30
5,3D Modeling Artist,2002,7400,5700,350,48000,30,30
5,3D Modeling Artist,2003,7700,6000,370,50000,31,30
5,3D Modeling Artist,2004,8100,6300,390,52000,32,30
5,3D Modeling Artist,2005,8600,6700,420,54000,34,30
5,3D Modeling Artist,2006,9100,7100,440,56000,36,30
5,3D Modeling Artist,2007,9600,7500,460,58000,38,30
5,3D Modeling Artist,2008,9400,7300,600,59000,37,30
5,3D Modeling Artist,2009,9200,7100,630,60000,36,30
5,3D Modeling Artist,2010,9700,7500,520,62000,38,30
5,3D Modeling Artist,2011,10300,8000,550,65000,41,30
5,3D Modeling Artist,2012,11000,8600,580,68000,44,30
5,3D Modeling Artist,2013,11800,9200,610,71000,47,30
5,3D Modeling Artist,2014,12600,9800,640,74000,50,30
5,3D Modeling Artist,2015,13500,10500,680,77000,53,30
5,3D Modeling Artist,2016,14500,11300,720,81000,57,30
5,3D Modeling Artist,2017,15500,12100,760,85000,61,30
5,3D Modeling Artist,2018,16600,13000,800,89000,65,30
5,3D Modeling Artist,2019,17800,13900,850,93000,69,30
5,3D Modeling Artist,2020,17200,13300,1300,94000,66,30
5,3D Modeling Artist,2021,18600,14400,980,97000,72,30
5,3D Modeling Artist,2022,19800,15300,1050,99500,76,30
5,3D Modeling Artist,2023,21000,16200,1120,101000,80,30
5,3D Modeling Artist,2024,22400,17300,1180,103000,84,30
6,AI Engineer,2015,1200,900,50,105000,55,5
6,AI Engineer,2016,1500,1100,60,110000,60,5
6,AI Engineer,2017,2000,1500,80,115000,65,5
6,AI Engineer,2018,3000,2200,120,120000,70,5
6,AI Engineer,2019,4200,3200,150,130000,75,6
6,AI Engineer,2020,5000,3700,200,135000,78,6
6,AI Engineer,2021,7200,5400,250,145000,85,6
6,AI Engineer,2022,8500,6500,350,155000,90,6
6,AI Engineer,2023,9100,7000,500,160000,95,7
6,AI Engineer,2024,10500,8200,600,165000,100,7
7,AI Ethics Engineer,2018,120,90,5,110000,50,5
7,AI Ethics Engineer,2019,180,140,7,115000,55,5
7,AI Ethics Engineer,2020,250,190,10,120000,58,5
7,AI Ethics Engineer,2021,420,320,15,130000,65,5
7,AI Ethics Engineer,2022,620,480,20,140000,72,5
7,AI Ethics Engineer,2023,850,660,28,150000,85,5
7,AI Ethics Engineer,2024,1100,860,35,155000,92,5
8,AI Product Engineer,2016,300,230,12,108000,58,6
8,AI Product Engineer,2017,420,320,15,112000,62,6
8,AI Product Engineer,2018,650,500,20,118000,68,6
8,AI Product Engineer,2019,920,710,25,125000,72,6
8,AI Product Engineer,2020,1100,830,35,130000,75,6
8,AI Product Engineer,2021,1600,1200,45,138000,82,6
8,AI Product Engineer,2022,2100,1600,60,148000,88,6
8,AI Product Engineer,2023,2600,2000,80,155000,95,6
8,AI Product Engineer,2024,3200,2450,95,162000,100,6
9,AI Research Scientist,2005,150,110,5,95000,35,4
9,AI Research Scientist,2006,160,120,6,97000,36,4
9,AI Research Scientist,2007,170,130,7,99000,37,4
9,AI Research Scientist,2008,165,125,15,100000,36,4
9,AI Research Scientist,2009,160,120,14,101000,35,4
9,AI Research Scientist,2010,180,135,8,103000,38,4
9,AI Research Scientist,2011,220,165,10,105000,40,4
9,AI Research Scientist,2012,300,230,12,108000,45,4
9,AI Research Scientist,2013,420,320,15,112000,50,4
9,AI Research Scientist,2014,600,460,18,118000,55,4
9,AI Research Scientist,2015,850,650,25,125000,60,4
9,AI Research Scientist,2016,1100,850,30,130000,65,4
9,AI Research Scientist,2017,1500,1150,40,138000,70,4
9,AI Research Scientist,2018,2100,1600,55,145000,75,4
9,AI Research Scientist,2019,2800,2150,70,152000,80,4
9,AI Research Scientist,2020,3200,2450,90,155000,82,4
9,AI Research Scientist,2021,4200,3200,110,162000,88,4
9,AI Research Scientist,2022,5200,4000,150,170000,92,4
9,AI Research Scientist,2023,6100,4700,180,178000,96,4
9,AI Research Scientist,2024,7200,5600,210,185000,100,4
10,AI Solutions Architect,2016,180,140,6,120000,58,6
10,AI Solutions Architect,2017,260,200,8,125000,62,6
10,AI Solutions Architect,2018,420,320,12,132000,68,6
10,AI Solutions Architect,2019,650,500,18,140000,72,6
10,AI Solutions Architect,2020,780,590,25,145000,75,6
10,AI Solutions Architect,2021,1100,840,35,152000,82,6
10,AI Solutions Architect,2022,1500,1150,50,160000,88,6
10,AI Solutions Architect,2023,1900,1450,70,168000,95,6
10,AI Solutions Architect,2024,2400,1850,85,175000,100,6
11,AI Systems Engineer,2017,220,170,8,115000,60,6
11,AI Systems Engineer,2018,350,270,12,120000,65,6
11,AI Systems Engineer,2019,520,400,18,128000,70,6
11,AI Systems Engineer,2020,650,490,25,132000,74,6
11,AI Systems Engineer,2021,980,750,35,140000,82,6
11,AI Systems Engineer,2022,1350,1030,50,148000,88,6
11,AI Systems Engineer,2023,1750,1340,70,155000,95,6
11,AI Systems Engineer,2024,2200,1700,85,162000,100,6
12,Analytics Engineer,2016,400,300,15,90000,55,15
12,Analytics Engineer,2017,520,400,20,94000,60,15
12,Analytics Engineer,2018,700,540,25,98000,65,15
12,Analytics Engineer,2019,900,700,30,103000,70,15
12,Analytics Engineer,2020,1050,800,45,108000,72,15
12,Analytics Engineer,2021,1450,1100,60,115000,80,15
12,Analytics Engineer,2022,1900,1450,85,122000,88,15
12,Analytics Engineer,2023,2300,1750,100,128000,94,15
12,Analytics Engineer,2024,2800,2150,120,134000,100,15
13,API Developer,2010,900,700,35,78000,45,20
13,API Developer,2011,1000,780,40,80000,47,20
13,API Developer,2012,1200,930,45,83000,50,20
13,API Developer,2013,1500,1150,55,87000,55,20
13,API Developer,2014,1800,1380,65,91000,60,20
13,API Developer,2015,2200,1700,75,95000,65,20
13,API Developer,2016,2600,2000,85,100000,70,20
13,API Developer,2017,3100,2400,100,105000,75,20
13,API Developer,2018,3700,2850,120,110000,80,20
13,API Developer,2019,4300,3300,140,115000,85,20
13,API Developer,2020,4600,3500,220,118000,87,20
13,API Developer,2021,5400,4150,260,122000,90,20
13,API Developer,2022,6200,4800,300,127000,94,20
13,API Developer,2023,6900,5300,340,131000,97,20
13,API Developer,2024,7600,5900,380,135000,100,20
14,AR Developer,2016,150,110,5,90000,50,12
14,AR Developer,2017,220,170,8,95000,55,12
14,AR Developer,2018,400,310,12,100000,60,12
14,AR Developer,2019,650,500,18,105000,65,12
14,AR Developer,2020,780,590,25,108000,68,12
14,AR Developer,2021,1050,810,30,112000,72,12
14,AR Developer,2022,1350,1040,40,118000,80,12
14,AR Developer,2023,1700,1300,55,123000,88,12
14,AR Developer,2024,2100,1620,70,128000,95,12
15,Artificial General Intelligence Researcher,2019,40,30,1,140000,55,3
15,Artificial General Intelligence Researcher,2020,55,42,2,145000,58,3
15,Artificial General Intelligence Researcher,2021,80,62,3,150000,65,3
15,Artificial General Intelligence Researcher,2022,120,95,4,160000,75,3
15,Artificial General Intelligence Researcher,2023,180,140,6,175000,88,3
15,Artificial General Intelligence Researcher,2024,260,205,8,190000,100,3
16,Autonomous Systems Engineer,2015,250,190,8,105000,55,6
16,Autonomous Systems Engineer,2016,340,260,10,110000,60,6
16,Autonomous Systems Engineer,2017,470,360,14,115000,65,6
16,Autonomous Systems Engineer,2018,650,500,20,120000,70,6
16,Autonomous Systems Engineer,2019,880,680,25,125000,75,6
16,Autonomous Systems Engineer,2020,950,730,35,128000,78,6
16,Autonomous Systems Engineer,2021,1200,930,45,135000,85,6
16,Autonomous Systems Engineer,2022,1500,1160,60,142000,90,6
16,Autonomous Systems Engineer,2023,1800,1400,75,148000,95,6
16,Autonomous Systems Engineer,2024,2100,1650,90,155000,100,6
17,Autonomous Vehicle Engineer,2015,200,150,6,110000,55,5
17,Autonomous Vehicle Engineer,2016,300,230,8,115000,60,5
17,Autonomous Vehicle Engineer,2017,450,350,12,120000,65,5
17,Autonomous Vehicle Engineer,2018,650,500,18,125000,70,5
17,Autonomous Vehicle Engineer,2019,900,700,25,130000,75,5
17,Autonomous Vehicle Engineer,2020,980,750,35,132000,78,5
17,Autonomous Vehicle Engineer,2021,1250,960,45,138000,85,5
17,Autonomous Vehicle Engineer,2022,1550,1200,60,145000,90,5
17,Autonomous Vehicle Engineer,2023,1850,1440,75,150000,95,5
17,Autonomous Vehicle Engineer,2024,2200,1700,90,155000,100,5
18,Backend Developer,2000,8000,6200,350,65000,35,20
18,Backend Developer,2001,8200,6400,370,66000,36,20
18,Backend Developer,2002,8400,6600,390,67000,37,20
18,Backend Developer,2003,8800,6900,410,69000,38,20
18,Backend Developer,2004,9300,7300,430,71000,40,20
18,Backend Developer,2005,10000,7900,460,73000,42,20
18,Backend Developer,2006,10800,8500,490,76000,45,20
18,Backend Developer,2007,11500,9100,520,78000,48,20
18,Backend Developer,2008,11200,8800,720,80000,46,20
18,Backend Developer,2009,11000,8600,760,81000,45,20
18,Backend Developer,2010,11800,9300,600,83000,48,20
18,Backend Developer,2011,12500,9900,620,86000,50,20
18,Backend Developer,2012,13500,10700,650,90000,55,20
18,Backend Developer,2013,15000,11900,690,94000,60,20
18,Backend Developer,2014,16500,13100,720,98000,65,20
18,Backend Developer,2015,18500,14700,760,103000,70,20
18,Backend Developer,2016,20500,16300,800,108000,75,20
18,Backend Developer,2017,22500,17900,850,112000,80,20
18,Backend Developer,2018,24500,19500,900,116000,85,20
18,Backend Developer,2019,27000,21500,950,120000,88,20
18,Backend Developer,2020,28000,22000,1600,122000,87,20
18,Backend Developer,2021,30000,23800,1300,125000,90,20
18,Backend Developer,2022,32000,25500,1500,129000,94,20
18,Backend Developer,2023,34000,27000,1700,132000,97,20
18,Backend Developer,2024,36000,28500,1900,135000,100,20
19,Big Data Engineer,2012,900,700,30,95000,50,14
19,Big Data Engineer,2013,1200,930,35,98000,55,14
19,Big Data Engineer,2014,1600,1250,40,102000,60,14
19,Big Data Engineer,2015,2100,1650,50,108000,65,14
19,Big Data Engineer,2016,2700,2100,65,114000,70,14
19,Big Data Engineer,2017,3400,2650,80,120000,75,14
19,Big Data Engineer,2018,4200,3300,100,125000,80,14
19,Big Data Engineer,2019,5200,4100,120,130000,85,14
19,Big Data Engineer,2020,5600,4400,180,132000,86,14
19,Big Data Engineer,2021,6800,5300,220,138000,90,14
19,Big Data Engineer,2022,7900,6200,260,144000,94,14
19,Big Data Engineer,2023,8800,6900,310,148000,97,14
19,Big Data Engineer,2024,9800,7700,350,152000,100,14
20,Blockchain Developer,2015,300,230,12,95000,50,12
20,Blockchain Developer,2016,520,400,18,100000,60,12
20,Blockchain Developer,2017,900,700,25,108000,70,12
20,Blockchain Developer,2018,1500,1180,45,115000,80,12
20,Blockchain Developer,2019,2200,1720,60,120000,85,12
20,Blockchain Developer,2020,2100,1620,120,122000,80,12
20,Blockchain Developer,2021,2600,2050,100,130000,85,12
20,Blockchain Developer,2022,3100,2450,140,135000,90,12
20,Blockchain Developer,2023,3500,2750,180,138000,95,12
20,Blockchain Developer,2024,3900,3050,200,142000,100,12
21,Blockchain Security Engineer,2017,120,90,5,105000,55,9
21,Blockchain Security Engineer,2018,220,170,8,110000,65,9
21,Blockchain Security Engineer,2019,420,330,15,118000,75,9
21,Blockchain Security Engineer,2020,450,350,25,120000,74,9
21,Blockchain Security Engineer,2021,620,480,20,130000,80,9
21,Blockchain Security Engineer,2022,820,640,30,138000,88,9
21,Blockchain Security Engineer,2023,980,760,40,145000,95,9
21,Blockchain Security Engineer,2024,1150,900,50,150000,100,9
22,Cloud Architect,2008,400,310,15,95000,45,12
22,Cloud Architect,2009,420,320,20,97000,46,12
22,Cloud Architect,2010,500,390,18,100000,50,12
22,Cloud Architect,2011,650,500,22,105000,55,12
22,Cloud Architect,2012,850,650,30,110000,60,12
22,Cloud Architect,2013,1100,840,35,115000,65,12
22,Cloud Architect,2014,1400,1080,40,120000,70,12
22,Cloud Architect,2015,1800,1380,50,125000,75,12
22,Cloud Architect,2016,2300,1780,60,130000,80,12
22,Cloud Architect,2017,2900,2250,75,135000,85,12
22,Cloud Architect,2018,3600,2800,90,140000,88,12
22,Cloud Architect,2019,4300,3350,110,145000,92,12
22,Cloud Architect,2020,4500,3500,180,147000,90,12
22,Cloud Architect,2021,5200,4050,150,150000,94,12
22,Cloud Architect,2022,6000,4700,180,155000,97,12
22,Cloud Architect,2023,6700,5250,200,160000,99,12
22,Cloud Architect,2024,7500,5900,220,165000,100,12
23,Cloud Engineer,2010,600,470,20,85000,48,14
23,Cloud Engineer,2011,750,580,25,88000,52,14
23,Cloud Engineer,2012,1000,780,30,92000,58,14
23,Cloud Engineer,2013,1350,1050,40,96000,64,14
23,Cloud Engineer,2014,1800,1400,50,100000,70,14
23,Cloud Engineer,2015,2300,1780,65,105000,75,14
23,Cloud Engineer,2016,2900,2250,80,110000,80,14
23,Cloud Engineer,2017,3600,2800,95,115000,85,14
23,Cloud Engineer,2018,4400,3450,120,120000,90,14
23,Cloud Engineer,2019,5200,4100,150,124000,93,14
23,Cloud Engineer,2020,5500,4300,230,126000,92,14
23,Cloud Engineer,2021,6300,4950,200,130000,95,14
23,Cloud Engineer,2022,7200,5650,240,135000,97,14
23,Cloud Engineer,2023,8000,6300,280,138000,99,14
23,Cloud Engineer,2024,8900,7000,310,142000,100,14
24,Cloud Infrastructure Engineer,2012,500,390,18,90000,50,12
24,Cloud Infrastructure Engineer,2013,720,560,25,94000,55,12
24,Cloud Infrastructure Engineer,2014,1000,780,35,98000,60,12
24,Cloud Infrastructure Engineer,2015,1400,1080,45,103000,65,12
24,Cloud Infrastructure Engineer,2016,1900,1470,60,108000,70,12
24,Cloud Infrastructure Engineer,2017,2500,1950,80,113000,75,12
24,Cloud Infrastructure Engineer,2018,3200,2500,100,118000,80,12
24,Cloud Infrastructure Engineer,2019,4000,3150,120,123000,85,12
24,Cloud Infrastructure Engineer,2020,4300,3350,190,126000,84,12
24,Cloud Infrastructure Engineer,2021,5100,4000,170,130000,90,12
24,Cloud Infrastructure Engineer,2022,6000,4700,210,135000,94,12
24,Cloud Infrastructure Engineer,2023,6900,5400,240,140000,97,12
24,Cloud Infrastructure Engineer,2024,7800,6100,270,145000,100,12
25,Cloud Network Architect,2012,320,250,12,100000,48,11
25,Cloud Network Architect,2013,450,350,15,103000,52,11
25,Cloud Network Architect,2014,650,510,20,107000,58,11
25,Cloud Network Architect,2015,900,700,28,112000,64,11
25,Cloud Network Architect,2016,1200,940,35,118000,70,11
25,Cloud Network Architect,2017,1600,1250,45,123000,75,11
25,Cloud Network Architect,2018,2100,1650,60,128000,80,11
25,Cloud Network Architect,2019,2600,2050,75,132000,85,11
25,Cloud Network Architect,2020,2700,2100,120,134000,84,11
25,Cloud Network Architect,2021,3200,2500,100,138000,90,11
25,Cloud Network Architect,2022,3800,3000,130,142000,94,11
25,Cloud Network Architect,2023,4400,3450,150,147000,97,11
25,Cloud Network Architect,2024,5000,3950,170,152000,100,11
26,Cloud Platform Engineer,2014,280,220,10,98000,50,13
26,Cloud Platform Engineer,2015,420,330,15,102000,55,13
26,Cloud Platform Engineer,2016,650,510,20,108000,62,13
26,Cloud Platform Engineer,2017,900,700,28,115000,68,13
26,Cloud Platform Engineer,2018,1250,980,40,120000,75,13
26,Cloud Platform Engineer,2019,1700,1330,55,125000,80,13
26,Cloud Platform Engineer,2020,1900,1470,95,128000,82,13
26,Cloud Platform Engineer,2021,2400,1870,80,132000,88,13
26,Cloud Platform Engineer,2022,3000,2350,110,138000,92,13
26,Cloud Platform Engineer,2023,3600,2830,130,142000,96,13
26,Cloud Platform Engineer,2024,4200,3300,150,147000,100,13
27,Cloud Security Engineer,2013,220,170,8,95000,48,9
27,Cloud Security Engineer,2014,340,260,12,99000,52,9
27,Cloud Security Engineer,2015,520,400,18,104000,58,9
27,Cloud Security Engineer,2016,760,590,25,110000,65,9
27,Cloud Security Engineer,2017,1050,820,35,116000,72,9
27,Cloud Security Engineer,2018,1400,1090,45,122000,78,9
27,Cloud Security Engineer,2019,1800,1410,60,128000,83,9
27,Cloud Security Engineer,2020,2000,1560,110,130000,82,9
27,Cloud Security Engineer,2021,2400,1880,90,135000,88,9
27,Cloud Security Engineer,2022,2900,2270,120,140000,92,9
27,Cloud Security Engineer,2023,3400,2660,150,145000,96,9
27,Cloud Security Engineer,2024,3900,3050,180,150000,100,9
28,Cloud Solutions Engineer,2013,260,200,10,90000,48,12
28,Cloud Solutions Engineer,2014,380,300,14,94000,52,12
28,Cloud Solutions Engineer,2015,580,450,20,98000,58,12
28,Cloud Solutions Engineer,2016,820,640,28,104000,65,12
28,Cloud Solutions Engineer,2017,1100,860,38,110000,72,12
28,Cloud Solutions Engineer,2018,1450,1130,50,116000,78,12
28,Cloud Solutions Engineer,2019,1850,1450,65,122000,83,12
28,Cloud Solutions Engineer,2020,2000,1560,120,125000,82,12
28,Cloud Solutions Engineer,2021,2400,1880,95,130000,88,12
28,Cloud Solutions Engineer,2022,2900,2280,120,135000,92,12
28,Cloud Solutions Engineer,2023,3400,2680,150,140000,96,12
28,Cloud Solutions Engineer,2024,3950,3100,180,145000,100,12
29,Cognitive Computing Engineer,2013,180,140,6,100000,48,6
29,Cognitive Computing Engineer,2014,260,200,10,104000,52,6
29,Cognitive Computing Engineer,2015,420,320,15,110000,58,6
29,Cognitive Computing Engineer,2016,650,500,20,116000,65,6
29,Cognitive Computing Engineer,2017,900,700,28,122000,72,6
29,Cognitive Computing Engineer,2018,1200,940,35,128000,78,6
29,Cognitive Computing Engineer,2019,1600,1250,45,135000,83,6
29,Cognitive Computing Engineer,2020,1750,1360,80,138000,82,6
29,Cognitive Computing Engineer,2021,2100,1640,65,142000,88,6
29,Cognitive Computing Engineer,2022,2500,1950,90,148000,92,6
29,Cognitive Computing Engineer,2023,2900,2270,110,153000,96,6
29,Cognitive Computing Engineer,2024,3300,2600,130,158000,100,6
30,Computer Vision Engineer,2014,300,230,10,105000,52,6
30,Computer Vision Engineer,2015,450,350,15,110000,58,6
30,Computer Vision Engineer,2016,700,540,20,115000,65,6
30,Computer Vision Engineer,2017,1050,820,30,122000,72,6
30,Computer Vision Engineer,2018,1500,1180,40,130000,78,6
30,Computer Vision Engineer,2019,2100,1650,55,138000,84,6
30,Computer Vision Engineer,2020,2400,1880,95,140000,83,6
30,Computer Vision Engineer,2021,3000,2350,80,145000,88,6
30,Computer Vision Engineer,2022,3600,2830,110,150000,92,6
30,Computer Vision Engineer,2023,4200,3300,140,155000,96,6
30,Computer Vision Engineer,2024,4900,3850,170,160000,100,6
31,Conversational AI Developer,2015,260,200,10,98000,55,8
31,Conversational AI Developer,2016,380,300,15,102000,60,8
31,Conversational AI Developer,2017,560,440,20,108000,65,8
31,Conversational AI Developer,2018,850,670,30,115000,72,8
31,Conversational AI Developer,2019,1200,950,40,122000,78,8
31,Conversational AI Developer,2020,1400,1100,75,125000,80,8
31,Conversational AI Developer,2021,1800,1420,60,130000,85,8
31,Conversational AI Developer,2022,2400,1900,90,135000,90,8
31,Conversational AI Developer,2023,3200,2520,120,140000,96,8
31,Conversational AI Developer,2024,4200,3300,150,145000,100,8
32,Cybersecurity Analyst,2005,1500,1150,60,65000,40,7
32,Cybersecurity Analyst,2006,1600,1230,65,67000,42,7
32,Cybersecurity Analyst,2007,1750,1350,70,69000,44,7
32,Cybersecurity Analyst,2008,1700,1300,110,71000,43,7
32,Cybersecurity Analyst,2009,1650,1250,120,72000,42,7
32,Cybersecurity Analyst,2010,1850,1420,90,74000,46,7
32,Cybersecurity Analyst,2011,2100,1620,95,77000,50,7
32,Cybersecurity Analyst,2012,2400,1850,110,80000,55,7
32,Cybersecurity Analyst,2013,2800,2150,130,83000,60,7
32,Cybersecurity Analyst,2014,3200,2450,150,87000,65,7
32,Cybersecurity Analyst,2015,3700,2850,170,90000,70,7
32,Cybersecurity Analyst,2016,4200,3250,190,94000,75,7
32,Cybersecurity Analyst,2017,4800,3720,210,98000,80,7
32,Cybersecurity Analyst,2018,5500,4300,240,102000,85,7
32,Cybersecurity Analyst,2019,6200,4860,270,106000,88,7
32,Cybersecurity Analyst,2020,6500,5080,420,108000,87,7
32,Cybersecurity Analyst,2021,7200,5650,350,112000,90,7
32,Cybersecurity Analyst,2022,8000,6300,380,116000,94,7
32,Cybersecurity Analyst,2023,8800,6950,420,120000,97,7
32,Cybersecurity Analyst,2024,9600,7600,450,124000,100,7
33,Data Architect,2006,900,700,30,85000,45,11
33,Data Architect,2007,950,740,32,87000,46,11
33,Data Architect,2008,940,720,60,89000,45,11
33,Data Architect,2009,920,700,65,90000,44,11
33,Data Architect,2010,1000,780,50,93000,48,11
33,Data Architect,2011,1150,900,55,96000,52,11
33,Data Architect,2012,1350,1050,60,100000,58,11
33,Data Architect,2013,1600,1250,70,105000,63,11
33,Data Architect,2014,1900,1480,80,110000,68,11
33,Data Architect,2015,2300,1800,90,115000,72,11
33,Data Architect,2016,2700,2120,110,120000,76,11
33,Data Architect,2017,3200,2520,130,125000,80,11
33,Data Architect,2018,3800,3000,150,130000,85,11
33,Data Architect,2019,4400,3460,170,135000,88,11
33,Data Architect,2020,4700,3700,260,138000,87,11
33,Data Architect,2021,5200,4100,230,142000,90,11
33,Data Architect,2022,5800,4580,260,147000,94,11
33,Data Architect,2023,6400,5050,290,152000,97,11
33,Data Architect,2024,7000,5520,320,157000,100,11
34,Data Engineer,2012,1000,780,35,90000,50,12
34,Data Engineer,2013,1300,1010,40,93000,55,12
34,Data Engineer,2014,1700,1320,50,97000,60,12
34,Data Engineer,2015,2200,1700,65,102000,65,12
34,Data Engineer,2016,2800,2180,80,108000,70,12
34,Data Engineer,2017,3500,2730,95,114000,75,12
34,Data Engineer,2018,4300,3350,120,120000,80,12
34,Data Engineer,2019,5200,4050,150,125000,85,12
34,Data Engineer,2020,5500,4280,230,127000,84,12
34,Data Engineer,2021,6500,5070,200,132000,90,12
34,Data Engineer,2022,7600,5950,250,137000,94,12
34,Data Engineer,2023,8700,6800,300,142000,97,12
34,Data Engineer,2024,9800,7700,340,147000,100,12
35,Data Mining Specialist,2004,700,540,20,70000,40,20
35,Data Mining Specialist,2005,740,570,22,72000,42,20
35,Data Mining Specialist,2006,780,600,24,74000,44,20
35,Data Mining Specialist,2007,820,630,26,76000,46,20
35,Data Mining Specialist,2008,800,610,40,78000,45,20
35,Data Mining Specialist,2009,780,590,42,79000,44,20
35,Data Mining Specialist,2010,850,650,35,81000,48,20
35,Data Mining Specialist,2011,950,720,38,84000,52,20
35,Data Mining Specialist,2012,1100,840,45,88000,58,20
35,Data Mining Specialist,2013,1300,990,50,92000,63,20
35,Data Mining Specialist,2014,1550,1180,60,96000,68,20
35,Data Mining Specialist,2015,1850,1410,70,100000,72,20
35,Data Mining Specialist,2016,2200,1680,85,105000,76,20
35,Data Mining Specialist,2017,2550,1950,100,110000,80,20
35,Data Mining Specialist,2018,2900,2220,120,114000,85,20
35,Data Mining Specialist,2019,3200,2450,140,118000,88,20
35,Data Mining Specialist,2020,3300,2520,200,120000,87,20
35,Data Mining Specialist,2021,3500,2680,180,123000,90,20
35,Data Mining Specialist,2022,3700,2830,200,127000,94,20
35,Data Mining Specialist,2023,3900,2980,220,130000,97,20
35,Data Mining Specialist,2024,4100,3140,240,134000,100,20
36,Data Scientist,2012,800,620,25,95000,50,18
36,Data Scientist,2013,1100,860,30,98000,55,18
36,Data Scientist,2014,1500,1180,40,102000,60,18
36,Data Scientist,2015,2100,1650,55,108000,65,18
36,Data Scientist,2016,2900,2280,70,115000,72,18
36,Data Scientist,2017,3800,3000,90,122000,78,18
36,Data Scientist,2018,4800,3800,120,128000,84,18
36,Data Scientist,2019,5800,4600,150,133000,88,18
36,Data Scientist,2020,6000,4750,240,135000,87,18
36,Data Scientist,2021,6800,5400,210,140000,90,18
36,Data Scientist,2022,7600,6050,250,145000,94,18
36,Data Scientist,2023,8400,6700,290,150000,97,18
36,Data Scientist,2024,9200,7350,330,155000,100,18
37,Decentralized Application Developer,2016,180,140,6,95000,55,12
37,Decentralized Application Developer,2017,320,250,10,100000,65,12
37,Decentralized Application Developer,2018,650,510,18,108000,75,12
37,Decentralized Application Developer,2019,1100,860,30,115000,85,12
37,Decentralized Application Developer,2020,1000,780,70,118000,80,12
37,Decentralized Application Developer,2021,1350,1050,60,125000,85,12
37,Decentralized Application Developer,2022,1700,1330,90,132000,90,12
37,Decentralized Application Developer,2023,2000,1570,110,136000,95,12
37,Decentralized Application Developer,2024,2350,1850,130,140000,100,12
38,Deep Learning Engineer,2013,200,150,6,105000,50,5
38,Deep Learning Engineer,2014,320,250,10,110000,55,5
38,Deep Learning Engineer,2015,550,430,15,118000,62,5
38,Deep Learning Engineer,2016,900,700,25,125000,70,5
38,Deep Learning Engineer,2017,1400,1100,40,132000,78,5
38,Deep Learning Engineer,2018,2100,1650,60,140000,85,5
38,Deep Learning Engineer,2019,3000,2350,85,148000,90,5
38,Deep Learning Engineer,2020,3400,2650,140,150000,88,5
38,Deep Learning Engineer,2021,4200,3300,120,155000,92,5
38,Deep Learning Engineer,2022,5200,4100,160,162000,95,5
38,Deep Learning Engineer,2023,6500,5100,200,168000,98,5
38,Deep Learning Engineer,2024,7800,6150,240,175000,100,5
39,DevOps Engineer,2012,800,620,30,90000,50,14
39,DevOps Engineer,2013,1100,860,35,94000,55,14
39,DevOps Engineer,2014,1500,1180,45,98000,60,14
39,DevOps Engineer,2015,2100,1650,60,104000,65,14
39,DevOps Engineer,2016,2900,2280,80,110000,72,14
39,DevOps Engineer,2017,3800,3000,100,116000,78,14
39,DevOps Engineer,2018,4700,3700,130,122000,84,14
39,DevOps Engineer,2019,5600,4400,160,128000,88,14
39,DevOps Engineer,2020,6000,4700,260,130000,87,14
39,DevOps Engineer,2021,6800,5350,220,134000,90,14
39,DevOps Engineer,2022,7600,6000,260,139000,94,14
39,DevOps Engineer,2023,8400,6650,300,144000,97,14
39,DevOps Engineer,2024,9300,7350,340,148000,100,14
40,Digital Forensics Specialist,2005,500,380,18,65000,42,7
40,Digital Forensics Specialist,2006,540,410,20,67000,44,7
40,Digital Forensics Specialist,2007,580,440,22,69000,46,7
40,Digital Forensics Specialist,2008,560,420,40,71000,45,7
40,Digital Forensics Specialist,2009,540,400,42,72000,44,7
40,Digital Forensics Specialist,2010,600,450,35,74000,48,7
40,Digital Forensics Specialist,2011,680,520,38,77000,52,7
40,Digital Forensics Specialist,2012,780,600,45,81000,58,7
40,Digital Forensics Specialist,2013,900,690,55,84000,62,7
40,Digital Forensics Specialist,2014,1050,810,65,88000,66,7
40,Digital Forensics Specialist,2015,1250,970,75,92000,70,7
40,Digital Forensics Specialist,2016,1450,1130,90,96000,75,7
40,Digital Forensics Specialist,2017,1700,1320,105,100000,80,7
40,Digital Forensics Specialist,2018,2000,1560,120,104000,85,7
40,Digital Forensics Specialist,2019,2300,1800,140,108000,88,7
40,Digital Forensics Specialist,2020,2400,1870,210,110000,87,7
40,Digital Forensics Specialist,2021,2600,2030,190,114000,90,7
40,Digital Forensics Specialist,2022,2800,2190,210,118000,94,7
40,Digital Forensics Specialist,2023,3000,2350,230,122000,97,7
40,Digital Forensics Specialist,2024,3200,2510,250,126000,100,7
41,Distributed Systems Engineer,2010,600,470,20,95000,48,12
41,Distributed Systems Engineer,2011,750,580,25,98000,52,12
41,Distributed Systems Engineer,2012,950,740,30,102000,58,12
41,Distributed Systems Engineer,2013,1200,940,40,106000,63,12
41,Distributed Systems Engineer,2014,1500,1180,50,110000,68,12
41,Distributed Systems Engineer,2015,1900,1500,60,115000,72,12
41,Distributed Systems Engineer,2016,2400,1880,75,120000,76,12
41,Distributed Systems Engineer,2017,3000,2350,90,126000,80,12
41,Distributed Systems Engineer,2018,3600,2830,110,131000,85,12
41,Distributed Systems Engineer,2019,4200,3300,130,136000,88,12
41,Distributed Systems Engineer,2020,4400,3460,210,138000,87,12
41,Distributed Systems Engineer,2021,4800,3770,190,142000,90,12
41,Distributed Systems Engineer,2022,5300,4170,220,147000,94,12
41,Distributed Systems Engineer,2023,5800,4560,250,152000,97,12
41,Distributed Systems Engineer,2024,6300,4960,280,157000,100,12
42,Edge Computing Engineer,2016,180,140,6,98000,55,12
42,Edge Computing Engineer,2017,260,200,10,102000,60,12
42,Edge Computing Engineer,2018,420,330,15,108000,68,12
42,Edge Computing Engineer,2019,650,510,20,115000,75,12
42,Edge Computing Engineer,2020,720,560,35,118000,76,12
42,Edge Computing Engineer,2021,900,700,30,123000,82,12
42,Edge Computing Engineer,2022,1150,900,45,128000,88,12
42,Edge Computing Engineer,2023,1400,1100,60,132000,94,12
42,Edge Computing Engineer,2024,1700,1340,75,138000,100,12
43,Embedded Systems Engineer,2000,1800,1400,60,65000,40,11
43,Embedded Systems Engineer,2001,1850,1430,65,66000,41,11
43,Embedded Systems Engineer,2002,1900,1470,70,67000,42,11
43,Embedded Systems Engineer,2003,2000,1550,75,69000,43,11
43,Embedded Systems Engineer,2004,2100,1630,80,71000,44,11
43,Embedded Systems Engineer,2005,2200,1700,85,73000,45,11
43,Embedded Systems Engineer,2006,2350,1820,90,75000,46,11
43,Embedded Systems Engineer,2007,2500,1950,100,77000,48,11
43,Embedded Systems Engineer,2008,2450,1900,160,79000,47,11
43,Embedded Systems Engineer,2009,2400,1850,170,80000,46,11
43,Embedded Systems Engineer,2010,2600,2020,150,82000,50,11
43,Embedded Systems Engineer,2011,2900,2250,160,85000,54,11
43,Embedded Systems Engineer,2012,3200,2480,170,88000,58,11
43,Embedded Systems Engineer,2013,3600,2800,180,91000,62,11
43,Embedded Systems Engineer,2014,4000,3120,200,94000,66,11
43,Embedded Systems Engineer,2015,4500,3510,220,98000,70,11
43,Embedded Systems Engineer,2016,5000,3900,240,102000,74,11
43,Embedded Systems Engineer,2017,5600,4370,260,106000,78,11
43,Embedded Systems Engineer,2018,6200,4850,290,110000,82,11
43,Embedded Systems Engineer,2019,6800,5330,320,114000,86,11
43,Embedded Systems Engineer,2020,7000,5480,450,116000,85,11
43,Embedded Systems Engineer,2021,7400,5800,420,120000,88,11
43,Embedded Systems Engineer,2022,7800,6100,450,124000,92,11
43,Embedded Systems Engineer,2023,8200,6450,480,128000,96,11
43,Embedded Systems Engineer,2024,8600,6780,510,132000,100,11
44,Frontend Developer,2005,1800,1400,60,60000,42,22
44,Frontend Developer,2006,1900,1480,65,62000,44,22
44,Frontend Developer,2007,2050,1600,70,64000,46,22
44,Frontend Developer,2008,2000,1550,120,66000,45,22
44,Frontend Developer,2009,1950,1500,130,67000,44,22
44,Frontend Developer,2010,2200,1700,110,70000,48,22
44,Frontend Developer,2011,2500,1950,120,73000,52,22
44,Frontend Developer,2012,2900,2250,130,76000,58,22
44,Frontend Developer,2013,3400,2650,150,80000,63,22
44,Frontend Developer,2014,4000,3120,170,84000,68,22
44,Frontend Developer,2015,4700,3660,200,88000,72,22
44,Frontend Developer,2016,5400,4210,230,92000,76,22
44,Frontend Developer,2017,6100,4760,260,96000,80,22
44,Frontend Developer,2018,6900,5380,290,100000,84,22
44,Frontend Developer,2019,7700,6000,320,104000,88,22
44,Frontend Developer,2020,7900,6160,450,106000,87,22
44,Frontend Developer,2021,8300,6500,420,110000,90,22
44,Frontend Developer,2022,8800,6900,460,114000,94,22
44,Frontend Developer,2023,9300,7300,500,118000,97,22
44,Frontend Developer,2024,9800,7700,540,122000,100,22
45,Full Stack Developer,2012,900,700,30,85000,50,20
45,Full Stack Developer,2013,1200,940,35,88000,55,20
45,Full Stack Developer,2014,1700,1320,45,92000,60,20
45,Full Stack Developer,2015,2400,1870,60,97000,65,20
45,Full Stack Developer,2016,3200,2500,80,102000,70,20
45,Full Stack Developer,2017,4200,3300,100,108000,75,20
45,Full Stack Developer,2018,5300,4150,130,114000,80,20
45,Full Stack Developer,2019,6500,5100,160,120000,85,20
45,Full Stack Developer,2020,6900,5400,260,123000,84,20
45,Full Stack Developer,2021,7600,6000,220,127000,88,20
45,Full Stack Developer,2022,8400,6600,260,132000,92,20
45,Full Stack Developer,2023,9200,7250,300,137000,96,20
45,Full Stack Developer,2024,10000,7900,340,142000,100,20
46,Game Developer,2005,2200,1700,80,65000,42,20
46,Game Developer,2006,2300,1780,85,67000,44,20
46,Game Developer,2007,2450,1900,90,69000,46,20
46,Game Developer,2008,2400,1850,140,71000,45,20
46,Game Developer,2009,2350,1800,150,72000,44,20
46,Game Developer,2010,2600,2020,120,75000,48,20
46,Game Developer,2011,2900,2250,130,78000,52,20
46,Game Developer,2012,3300,2580,140,82000,58,20
46,Game Developer,2013,3800,2960,160,86000,63,20
46,Game Developer,2014,4400,3430,180,90000,68,20
46,Game Developer,2015,5100,3970,210,94000,72,20
46,Game Developer,2016,5800,4510,240,98000,76,20
46,Game Developer,2017,6600,5140,270,102000,80,20
46,Game Developer,2018,7400,5770,300,106000,84,20
46,Game Developer,2019,8200,6400,340,110000,88,20
46,Game Developer,2020,8400,6550,520,112000,87,20
46,Game Developer,2021,9000,7020,460,116000,90,20
46,Game Developer,2022,9600,7480,500,120000,94,20
46,Game Developer,2023,10200,7950,540,124000,97,20
46,Game Developer,2024,10800,8420,580,128000,100,20
47,Game Engine Developer,2006,900,700,30,70000,42,18
47,Game Engine Developer,2007,950,740,32,72000,44,18
47,Game Engine Developer,2008,920,710,50,74000,43,18
47,Game Engine Developer,2009,900,690,55,75000,42,18
47,Game Engine Developer,2010,1000,780,45,78000,46,18
47,Game Engine Developer,2011,1150,900,50,82000,50,18
47,Game Engine Developer,2012,1350,1050,60,86000,55,18
47,Game Engine Developer,2013,1600,1250,70,90000,60,18
47,Game Engine Developer,2014,1900,1480,80,95000,65,18
47,Game Engine Developer,2015,2200,1720,90,100000,70,18
47,Game Engine Developer,2016,2600,2030,110,105000,75,18
47,Game Engine Developer,2017,3100,2420,130,110000,80,18
47,Game Engine Developer,2018,3600,2810,150,115000,85,18
47,Game Engine Developer,2019,4200,3290,170,120000,88,18
47,Game Engine Developer,2020,4300,3350,260,122000,87,18
47,Game Engine Developer,2021,4600,3590,220,126000,90,18
47,Game Engine Developer,2022,5000,3900,250,130000,94,18
47,Game Engine Developer,2023,5400,4210,280,135000,97,18
47,Game Engine Developer,2024,5800,4520,300,140000,100,18
48,Game Engine Programmer,2006,800,620,25,72000,42,15
48,Game Engine Programmer,2007,850,660,28,74000,44,15
48,Game Engine Programmer,2008,830,640,45,76000,43,15
48,Game Engine Programmer,2009,800,620,50,78000,42,15
48,Game Engine Programmer,2010,900,700,40,81000,46,15
48,Game Engine Programmer,2011,1050,820,45,85000,50,15
48,Game Engine Programmer,2012,1250,980,55,90000,55,15
48,Game Engine Programmer,2013,1500,1180,65,95000,60,15
48,Game Engine Programmer,2014,1800,1420,75,100000,65,15
48,Game Engine Programmer,2015,2100,1650,85,105000,70,15
48,Game Engine Programmer,2016,2500,1970,100,110000,75,15
48,Game Engine Programmer,2017,3000,2360,120,116000,80,15
48,Game Engine Programmer,2018,3500,2750,140,122000,85,15
48,Game Engine Programmer,2019,4100,3220,160,128000,88,15
48,Game Engine Programmer,2020,4200,3300,250,130000,87,15
48,Game Engine Programmer,2021,4500,3530,210,134000,90,15
48,Game Engine Programmer,2022,4900,3840,240,138000,94,15
48,Game Engine Programmer,2023,5300,4160,270,143000,97,15
48,Game Engine Programmer,2024,5700,4470,290,148000,100,15
49,Graphics Programmer,2006,750,580,25,75000,42,12
49,Graphics Programmer,2007,800,620,28,77000,44,12
49,Graphics Programmer,2008,780,600,45,79000,43,12
49,Graphics Programmer,2009,760,590,48,80000,42,12
49,Graphics Programmer,2010,850,660,40,83000,46,12
49,Graphics Programmer,2011,980,770,45,87000,50,12
49,Graphics Programmer,2012,1150,900,55,92000,55,12
49,Graphics Programmer,2013,1400,1090,65,97000,60,12
49,Graphics Programmer,2014,1700,1330,75,103000,65,12
49,Graphics Programmer,2015,2000,1570,85,108000,70,12
49,Graphics Programmer,2016,2400,1880,100,114000,75,12
49,Graphics Programmer,2017,2900,2270,120,120000,80,12
49,Graphics Programmer,2018,3400,2660,140,126000,85,12
49,Graphics Programmer,2019,4000,3140,160,132000,88,12
49,Graphics Programmer,2020,4100,3220,250,134000,87,12
49,Graphics Programmer,2021,4400,3460,210,138000,90,12
49,Graphics Programmer,2022,4800,3780,240,142000,94,12
49,Graphics Programmer,2023,5200,4090,270,147000,97,12
49,Graphics Programmer,2024,5600,4400,290,152000,100,12
50,High Performance Computing Engineer,2005,500,380,15,80000,40,10
50,High Performance Computing Engineer,2006,520,400,18,82000,42,10
50,High Performance Computing Engineer,2007,540,420,20,84000,44,10
50,High Performance Computing Engineer,2008,530,410,35,86000,43,10
50,High Performance Computing Engineer,2009,520,400,38,88000,42,10
50,High Performance Computing Engineer,2010,580,450,30,91000,46,10
50,High Performance Computing Engineer,2011,650,510,32,94000,50,10
50,High Performance Computing Engineer,2012,760,600,35,98000,55,10
50,High Performance Computing Engineer,2013,900,710,40,103000,60,10
50,High Performance Computing Engineer,2014,1100,870,50,108000,65,10
50,High Performance Computing Engineer,2015,1300,1030,60,114000,70,10
50,High Performance Computing Engineer,2016,1600,1260,70,120000,75,10
50,High Performance Computing Engineer,2017,1900,1500,85,126000,80,10
50,High Performance Computing Engineer,2018,2200,1740,100,132000,85,10
50,High Performance Computing Engineer,2019,2600,2050,120,138000,88,10
50,High Performance Computing Engineer,2020,2700,2130,180,140000,87,10
50,High Performance Computing Engineer,2021,3000,2370,160,145000,90,10
50,High Performance Computing Engineer,2022,3400,2680,190,150000,94,10
50,High Performance Computing Engineer,2023,3800,2990,210,155000,97,10
50,High Performance Computing Engineer,2024,4200,3310,230,160000,100,10
51,Human-Centered AI Engineer,2016,120,90,4,110000,55,4
51,Human-Centered AI Engineer,2017,180,140,6,115000,60,4
51,Human-Centered AI Engineer,2018,260,200,8,120000,65,4
51,Human-Centered AI Engineer,2019,380,290,12,128000,70,4
51,Human-Centered AI Engineer,2020,450,340,18,132000,72,4
51,Human-Centered AI Engineer,2021,650,500,20,138000,80,4
51,Human-Centered AI Engineer,2022,900,700,28,145000,88,4
51,Human-Centered AI Engineer,2023,1200,930,40,152000,95,4
51,Human-Centered AI Engineer,2024,1600,1250,55,160000,100,4
52,Immersive Systems Engineer,2015,150,110,6,95000,50,12
52,Immersive Systems Engineer,2016,220,170,8,98000,55,12
52,Immersive Systems Engineer,2017,320,250,12,102000,60,12
52,Immersive Systems Engineer,2018,480,370,18,108000,68,12
52,Immersive Systems Engineer,2019,700,540,25,115000,75,12
52,Immersive Systems Engineer,2020,760,590,40,118000,74,12
52,Immersive Systems Engineer,2021,980,760,35,122000,80,12
52,Immersive Systems Engineer,2022,1250,970,50,128000,88,12
52,Immersive Systems Engineer,2023,1600,1240,70,134000,95,12
52,Immersive Systems Engineer,2024,2000,1560,90,140000,100,12
53,Information Security Analyst,2005,1400,1080,55,68000,40,7
53,Information Security Analyst,2006,1500,1160,60,70000,42,7
53,Information Security Analyst,2007,1650,1280,65,72000,44,7
53,Information Security Analyst,2008,1600,1230,100,74000,43,7
53,Information Security Analyst,2009,1550,1190,110,75000,42,7
53,Information Security Analyst,2010,1750,1350,85,78000,46,7
53,Information Security Analyst,2011,2000,1540,90,81000,50,7
53,Information Security Analyst,2012,2300,1780,100,85000,55,7
53,Information Security Analyst,2013,2700,2090,120,89000,60,7
53,Information Security Analyst,2014,3100,2400,140,93000,65,7
53,Information Security Analyst,2015,3600,2800,160,97000,70,7
53,Information Security Analyst,2016,4100,3190,180,101000,75,7
53,Information Security Analyst,2017,4700,3660,200,105000,80,7
53,Information Security Analyst,2018,5400,4210,230,110000,85,7
53,Information Security Analyst,2019,6100,4750,260,115000,88,7
53,Information Security Analyst,2020,6400,4980,400,118000,87,7
53,Information Security Analyst,2021,7000,5460,340,122000,90,7
53,Information Security Analyst,2022,7800,6080,370,126000,94,7
53,Information Security Analyst,2023,8600,6700,410,130000,97,7
53,Information Security Analyst,2024,9400,7320,440,134000,100,7
54,Infrastructure Engineer,2004,1500,1150,60,72000,40,15
54,Infrastructure Engineer,2005,1600,1230,65,74000,42,15
54,Infrastructure Engineer,2006,1700,1310,70,76000,44,15
54,Infrastructure Engineer,2007,1850,1430,75,78000,46,15
54,Infrastructure Engineer,2008,1800,1380,120,80000,45,15
54,Infrastructure Engineer,2009,1750,1340,130,81000,44,15
54,Infrastructure Engineer,2010,1950,1500,110,84000,48,15
54,Infrastructure Engineer,2011,2200,1690,120,88000,52,15
54,Infrastructure Engineer,2012,2500,1930,130,92000,58,15
54,Infrastructure Engineer,2013,2900,2240,150,96000,63,15
54,Infrastructure Engineer,2014,3300,2550,170,100000,68,15
54,Infrastructure Engineer,2015,3800,2940,200,105000,72,15
54,Infrastructure Engineer,2016,4300,3330,230,110000,76,15
54,Infrastructure Engineer,2017,4900,3800,260,115000,80,15
54,Infrastructure Engineer,2018,5500,4260,290,120000,85,15
54,Infrastructure Engineer,2019,6100,4730,320,125000,88,15
54,Infrastructure Engineer,2020,6300,4900,480,127000,87,15
54,Infrastructure Engineer,2021,6700,5200,430,130000,90,15
54,Infrastructure Engineer,2022,7200,5600,470,134000,94,15
54,Infrastructure Engineer,2023,7700,6000,500,138000,97,15
54,Infrastructure Engineer,2024,8200,6400,540,142000,100,15
55,Intelligent Systems Engineer,2010,300,230,10,95000,45,6
55,Intelligent Systems Engineer,2011,340,260,12,97000,48,6
55,Intelligent Systems Engineer,2012,420,320,15,100000,52,6
55,Intelligent Systems Engineer,2013,520,400,18,104000,56,6
55,Intelligent Systems Engineer,2014,650,500,22,108000,60,6
55,Intelligent Systems Engineer,2015,820,630,28,112000,65,6
55,Intelligent Systems Engineer,2016,1050,810,35,118000,70,6
55,Intelligent Systems Engineer,2017,1350,1040,45,124000,75,6
55,Intelligent Systems Engineer,2018,1700,1320,60,130000,80,6
55,Intelligent Systems Engineer,2019,2100,1640,75,136000,85,6
55,Intelligent Systems Engineer,2020,2250,1760,120,138000,84,6
55,Intelligent Systems Engineer,2021,2600,2030,100,142000,88,6
55,Intelligent Systems Engineer,2022,3000,2350,130,147000,92,6
55,Intelligent Systems Engineer,2023,3500,2740,160,152000,96,6
55,Intelligent Systems Engineer,2024,4000,3130,190,158000,100,6






